Sequence,Predicted_Label,Prediction_Probability
MPKNEFSADITCCTCAEAVSRVLNSISGVKYDIDLPNKKICIHSEHSMDTLLATLKKTGSTVSYLGLE,Real Protein,0.9620239
MASHEFSVDIVCVWCAEAVTRVLNKLGGIKYDIDLPNKKVCIESEHSMDTLLGTLNKAGQTVSYLGLE,Real Protein,0.91722053
MPKYEFDVDVSCSCCAEAVSRVLNKLGGVKYDIDLPNKQVCLEQEHSMEALLATVKKTGKTVSYLGLE,Real Protein,0.8239504
MPKNEFSVDMTCTTCAEAVSRVLQKLAGTKHDIDLPNNKVCIESEHSMNTILATLKKTGKTVKYIGLE,Real Protein,0.79419994
MPKHEFSVDLTCTWCAEAVSRALNKIGNVKYDVDLPNKKVCIETEHSMDTLLANVKKTGKTVSYLSLS,Real Protein,0.7892539
MPKHEFSTDMACAKCAEAADEVLGSLAGVKYDIDLPNKKVCIQSEHSMDTLLATLKKNGKTVSYLGLE,Real Protein,0.6912163
MPKNEFSVDMTCSKCAEAVSRLLNKIGGVKYDISLPDRKVCIEGEHSMDTLLTTLQKTGKVVSYLGLE,Real Protein,0.6881406
MPKHEFEVSMTCYICAEAVSKTLNKLAGVKHDIDLPNKKVCIDSEHSMDTLLAVLKKTGKTVAWLGLE,Real Protein,0.67503464
MPKHEFQVDITCCSCAEAVSRVLNELGGVKYDIDLPNKKVAVEDHHSMDNILATLKKTGKTVSYLSLE,Real Protein,0.6652005
MPKHEFSVDMTCACCAEALSRLLSKLGGVKYDIDLANKKVCIESEHSMDTLLATLKKTGKAVQFLNLQ,Real Protein,0.6536233
MPKHEFGVDVTCPYCTEAVSRVLNQFGGVKYDIDLPNKKVCIEGEHSMDTLLATIKQTGKTVSWLGLE,Real Protein,0.646667
MAKHEFSVDMTCPSCAEAVSQLLNKLSGVKHDIDLPNKKVCLESEHSMDTLLGTLKNTGKNVSYLGFE,Real Protein,0.6294107
MPKHEFSVDMTCSCCAEAISRTLNKLGSVKYQIDLPSKKVCIETEHSMDTLLVTVKKAGKTVSYMGLE,Real Protein,0.6005936
MPEHEFSVDMTAAGAAEAVSRVLNKLSGIKYDIDLPNKKVAIESEHSMDTLVATLSKTGKTVSYLGLS,Real Protein,0.5788195
MPKHEFSVDMTCTTCAEVVSRVLNKIGGVKYDFSLPNKKVCIESDHSMDTVLATLKNNGKTVKYMGLE,Real Protein,0.5618765
MPKNEFSVDMTCVKCAKAVSRMLNKLGGVKYDIDLPNRKVALSSEHSMDTLMSTLKKTGKTVSYLGLE,Real Protein,0.54757273
MPKHEFSVSMTCNYCAECVDRVLNELNSVKYDIELPNKKVCIESEHSMDTLLATLKKTGSTVEFLGLE,Real Protein,0.5421816
MPKHEFSVDMTCCCCAEAVSRILNKMGAIKYDIDLPNKKVCIESEHSFNTLLATIKKNNKTVSYLGVE,Real Protein,0.5287852
MPKHEFKVDMTCTSCAEAVSRVLHKLAAVKYQIDLPNKNICIESEHSMDTLLAALKKTGSTVSYLGLH,Real Protein,0.52777535
MPKNEFSTDMTCFHAAEAVSQILNKLGGVKYNVDLPNKKVCIEDEHSIDTLLATLKKTGKTVSYLGLS,Real Protein,0.5230788
MPRYEFGVDMACAWAAEAVSQVLNKFGGVKYDIDLPNKKLCIESEHSMDTFLATLKKTGKTVSYLGLE,Real Protein,0.52276623
MPKHEFSVDMVAYICGECVSRVLNKLGGVKYDIDLGNKKVAIESEHSVDTLLASLKRTGKTVGYLGLE,Real Protein,0.5115597
